[
  {
    "is_final": false,
    "id": 0,
    "children": [
      [
        "Declaration-list",
        1
      ]
    ]
  },
  {
    "is_final": false,
    "id": 1,
    "children": [
      [
        "$",
        2
      ]
    ]
  },
  {
    "is_final": true,
    "id": 2,
    "children": []
  },
  {
    "is_final": false,
    "id": 3,
    "children": [
      [
        "Declaration",
        4
      ],
      [
        "epsilon",
        5
      ]
    ]
  },
  {
    "is_final": false,
    "id": 4,
    "children": [
      [
        "Declaration-list",
        5
      ]
    ]
  },
  {
    "is_final": true,
    "id": 5,
    "children": []
  },
  {
    "is_final": false,
    "id": 6,
    "children": [
      [
        "Declaration-initial",
        7
      ]
    ]
  },
  {
    "is_final": false,
    "id": 7,
    "children": [
      [
        "Declaration-prime",
        8
      ]
    ]
  },
  {
    "is_final": true,
    "id": 8,
    "children": []
  },
  {
    "is_final": false,
    "id": 9,
    "children": [
      [
        "Type-specifier",
        10
      ]
    ]
  },
  {
    "is_final": false,
    "id": 10,
    "children": [
      [
        "ID",
        11
      ]
    ]
  },
  {
    "is_final": true,
    "id": 11,
    "children": []
  },
  {
    "is_final": false,
    "id": 12,
    "children": [
      [
        "Fun-declaration-prime",
        13
      ],
      [
        "Var-declaration-prime",
        13
      ]
    ]
  },
  {
    "is_final": true,
    "id": 13,
    "children": []
  },
  {
    "is_final": false,
    "id": 14,
    "children": [
      [
        ";",
        18
      ],
      [
        "[",
        15
      ]
    ]
  },
  {
    "is_final": false,
    "id": 15,
    "children": [
      [
        "NUM",
        16
      ]
    ]
  },
  {
    "is_final": false,
    "id": 16,
    "children": [
      [
        "]",
        17
      ]
    ]
  },
  {
    "is_final": false,
    "id": 17,
    "children": [
      [
        ";",
        18
      ]
    ]
  },
  {
    "is_final": true,
    "id": 18,
    "children": []
  },
  {
    "is_final": false,
    "id": 19,
    "children": [
      [
        "(",
        20
      ]
    ]
  },
  {
    "is_final": false,
    "id": 20,
    "children": [
      [
        "Params",
        21
      ]
    ]
  },
  {
    "is_final": false,
    "id": 21,
    "children": [
      [
        ")",
        22
      ]
    ]
  },
  {
    "is_final": false,
    "id": 22,
    "children": [
      [
        "Compound-stmt",
        23
      ]
    ]
  },
  {
    "is_final": true,
    "id": 23,
    "children": []
  },
  {
    "is_final": false,
    "id": 24,
    "children": [
      [
        "int",
        25
      ],
      [
        "void",
        25
      ]
    ]
  },
  {
    "is_final": true,
    "id": 25,
    "children": []
  },
  {
    "is_final": false,
    "id": 26,
    "children": [
      [
        "int",
        27
      ],
      [
        "void",
        30
      ]
    ]
  },
  {
    "is_final": false,
    "id": 27,
    "children": [
      [
        "ID",
        28
      ]
    ]
  },
  {
    "is_final": false,
    "id": 28,
    "children": [
      [
        "Param-prime",
        29
      ]
    ]
  },
  {
    "is_final": false,
    "id": 29,
    "children": [
      [
        "Param-list",
        30
      ]
    ]
  },
  {
    "is_final": true,
    "id": 30,
    "children": []
  },
  {
    "is_final": false,
    "id": 31,
    "children": [
      [
        ",",
        32
      ],
      [
        "epsilon",
        34
      ]
    ]
  },
  {
    "is_final": false,
    "id": 32,
    "children": [
      [
        "Param",
        33
      ]
    ]
  },
  {
    "is_final": false,
    "id": 33,
    "children": [
      [
        "Param-list",
        34
      ]
    ]
  },
  {
    "is_final": true,
    "id": 34,
    "children": []
  },
  {
    "is_final": false,
    "id": 35,
    "children": [
      [
        "Declaration-initial",
        36
      ]
    ]
  },
  {
    "is_final": false,
    "id": 36,
    "children": [
      [
        "Param-prime",
        37
      ]
    ]
  },
  {
    "is_final": true,
    "id": 37,
    "children": []
  },
  {
    "is_final": false,
    "id": 38,
    "children": [
      [
        "[",
        39
      ],
      [
        "epsilon",
        40
      ]
    ]
  },
  {
    "is_final": false,
    "id": 39,
    "children": [
      [
        "]",
        40
      ]
    ]
  },
  {
    "is_final": true,
    "id": 40,
    "children": []
  },
  {
    "is_final": false,
    "id": 41,
    "children": [
      [
        "{",
        42
      ]
    ]
  },
  {
    "is_final": false,
    "id": 42,
    "children": [
      [
        "Declaration-list",
        43
      ]
    ]
  },
  {
    "is_final": false,
    "id": 43,
    "children": [
      [
        "Statement-list",
        44
      ]
    ]
  },
  {
    "is_final": false,
    "id": 44,
    "children": [
      [
        "}",
        45
      ]
    ]
  },
  {
    "is_final": true,
    "id": 45,
    "children": []
  },
  {
    "is_final": false,
    "id": 46,
    "children": [
      [
        "Statement",
        47
      ],
      [
        "epsilon",
        48
      ]
    ]
  },
  {
    "is_final": false,
    "id": 47,
    "children": [
      [
        "Statement-list",
        48
      ]
    ]
  },
  {
    "is_final": true,
    "id": 48,
    "children": []
  },
  {
    "is_final": false,
    "id": 49,
    "children": [
      [
        "Expression-stmt",
        50
      ],
      [
        "Compound-stmt",
        50
      ],
      [
        "Selection-stmt",
        50
      ],
      [
        "Iteration-stmt",
        50
      ],
      [
        "Return-stmt",
        50
      ]
    ]
  },
  {
    "is_final": true,
    "id": 50,
    "children": []
  },
  {
    "is_final": false,
    "id": 51,
    "children": [
      [
        "Expression",
        52
      ],
      [
        "break",
        53
      ],
      [
        ";",
        54
      ]
    ]
  },
  {
    "is_final": false,
    "id": 52,
    "children": [
      [
        ";",
        54
      ]
    ]
  },
  {
    "is_final": false,
    "id": 53,
    "children": [
      [
        ";",
        54
      ]
    ]
  },
  {
    "is_final": true,
    "id": 54,
    "children": []
  },
  {
    "is_final": false,
    "id": 55,
    "children": [
      [
        "if",
        56
      ]
    ]
  },
  {
    "is_final": false,
    "id": 56,
    "children": [
      [
        "(",
        57
      ]
    ]
  },
  {
    "is_final": false,
    "id": 57,
    "children": [
      [
        "Expression",
        58
      ]
    ]
  },
  {
    "is_final": false,
    "id": 58,
    "children": [
      [
        ")",
        59
      ]
    ]
  },
  {
    "is_final": false,
    "id": 59,
    "children": [
      [
        "Statement",
        60
      ]
    ]
  },
  {
    "is_final": false,
    "id": 60,
    "children": [
      [
        "Else-stmt",
        61
      ]
    ]
  },
  {
    "is_final": true,
    "id": 61,
    "children": []
  },
  {
    "is_final": false,
    "id": 62,
    "children": [
      [
        "endif",
        63
      ],
      [
        "else",
        64
      ]
    ]
  },
  {
    "is_final": true,
    "id": 63,
    "children": []
  },
  {
    "is_final": false,
    "id": 64,
    "children": [
      [
        "Statement",
        65
      ]
    ]
  },
  {
    "is_final": false,
    "id": 65,
    "children": [
      [
        "endif",
        63
      ]
    ]
  },
  {
    "is_final": false,
    "id": 66,
    "children": [
      [
        "repeat",
        67
      ]
    ]
  },
  {
    "is_final": false,
    "id": 67,
    "children": [
      [
        "Statement",
        68
      ]
    ]
  },
  {
    "is_final": false,
    "id": 68,
    "children": [
      [
        "until",
        69
      ]
    ]
  },
  {
    "is_final": false,
    "id": 69,
    "children": [
      [
        "(",
        70
      ]
    ]
  },
  {
    "is_final": false,
    "id": 70,
    "children": [
      [
        "Expression",
        71
      ]
    ]
  },
  {
    "is_final": false,
    "id": 71,
    "children": [
      [
        ")",
        72
      ]
    ]
  },
  {
    "is_final": true,
    "id": 72,
    "children": []
  },
  {
    "is_final": false,
    "id": 73,
    "children": [
      [
        "return",
        74
      ]
    ]
  },
  {
    "is_final": false,
    "id": 74,
    "children": [
      [
        "Return-stmt-prime",
        75
      ]
    ]
  },
  {
    "is_final": true,
    "id": 75,
    "children": []
  },
  {
    "is_final": false,
    "id": 76,
    "children": [
      [
        ";",
        78
      ],
      [
        "Expression",
        77
      ]
    ]
  },
  {
    "is_final": false,
    "id": 77,
    "children": [
      [
        ";",
        78
      ]
    ]
  },
  {
    "is_final": true,
    "id": 78,
    "children": []
  },
  {
    "is_final": false,
    "id": 79,
    "children": [
      [
        "Simple-expression-zegond",
        81
      ],
      [
        "ID",
        80
      ]
    ]
  },
  {
    "is_final": false,
    "id": 80,
    "children": [
      [
        "B",
        81
      ]
    ]
  },
  {
    "is_final": true,
    "id": 81,
    "children": []
  },
  {
    "is_final": false,
    "id": 82,
    "children": [
      [
        "=",
        83
      ],
      [
        "[",
        84
      ],
      [
        "Simple-expression-prime",
        87
      ]
    ]
  },
  {
    "is_final": false,
    "id": 83,
    "children": [
      [
        "Expression",
        87
      ]
    ]
  },
  {
    "is_final": false,
    "id": 84,
    "children": [
      [
        "Expression",
        85
      ]
    ]
  },
  {
    "is_final": false,
    "id": 85,
    "children": [
      [
        "]",
        86
      ]
    ]
  },
  {
    "is_final": false,
    "id": 86,
    "children": [
      [
        "H",
        87
      ]
    ]
  },
  {
    "is_final": true,
    "id": 87,
    "children": []
  },
  {
    "is_final": false,
    "id": 88,
    "children": [
      [
        "=",
        92
      ],
      [
        "G",
        89
      ]
    ]
  },
  {
    "is_final": false,
    "id": 89,
    "children": [
      [
        "D",
        90
      ]
    ]
  },
  {
    "is_final": false,
    "id": 90,
    "children": [
      [
        "C",
        91
      ]
    ]
  },
  {
    "is_final": true,
    "id": 91,
    "children": []
  },
  {
    "is_final": false,
    "id": 92,
    "children": [
      [
        "Expression",
        91
      ]
    ]
  },
  {
    "is_final": false,
    "id": 93,
    "children": [
      [
        "Additive-expression-zegond",
        94
      ]
    ]
  },
  {
    "is_final": false,
    "id": 94,
    "children": [
      [
        "C",
        95
      ]
    ]
  },
  {
    "is_final": true,
    "id": 95,
    "children": []
  },
  {
    "is_final": false,
    "id": 96,
    "children": [
      [
        "Additive-expression-prime",
        97
      ]
    ]
  },
  {
    "is_final": false,
    "id": 97,
    "children": [
      [
        "C",
        98
      ]
    ]
  },
  {
    "is_final": true,
    "id": 98,
    "children": []
  },
  {
    "is_final": false,
    "id": 99,
    "children": [
      [
        "Relop",
        100
      ],
      [
        "epsilon",
        101
      ]
    ]
  },
  {
    "is_final": false,
    "id": 100,
    "children": [
      [
        "Additive-expression",
        101
      ]
    ]
  },
  {
    "is_final": true,
    "id": 101,
    "children": []
  },
  {
    "is_final": false,
    "id": 102,
    "children": [
      [
        "<",
        103
      ],
      [
        "==",
        103
      ]
    ]
  },
  {
    "is_final": true,
    "id": 103,
    "children": []
  },
  {
    "is_final": false,
    "id": 104,
    "children": [
      [
        "Term",
        105
      ]
    ]
  },
  {
    "is_final": false,
    "id": 105,
    "children": [
      [
        "D",
        106
      ]
    ]
  },
  {
    "is_final": true,
    "id": 106,
    "children": []
  },
  {
    "is_final": false,
    "id": 107,
    "children": [
      [
        "Term-prime",
        108
      ]
    ]
  },
  {
    "is_final": false,
    "id": 108,
    "children": [
      [
        "D",
        109
      ]
    ]
  },
  {
    "is_final": true,
    "id": 109,
    "children": []
  },
  {
    "is_final": false,
    "id": 110,
    "children": [
      [
        "Term-zegond",
        111
      ]
    ]
  },
  {
    "is_final": false,
    "id": 111,
    "children": [
      [
        "D",
        112
      ]
    ]
  },
  {
    "is_final": true,
    "id": 112,
    "children": []
  },
  {
    "is_final": false,
    "id": 113,
    "children": [
      [
        "Addop",
        114
      ],
      [
        "epsilon",
        116
      ]
    ]
  },
  {
    "is_final": false,
    "id": 114,
    "children": [
      [
        "Term",
        115
      ]
    ]
  },
  {
    "is_final": false,
    "id": 115,
    "children": [
      [
        "D",
        116
      ]
    ]
  },
  {
    "is_final": true,
    "id": 116,
    "children": []
  },
  {
    "is_final": false,
    "id": 117,
    "children": [
      [
        "+",
        118
      ],
      [
        "-",
        118
      ]
    ]
  },
  {
    "is_final": true,
    "id": 118,
    "children": []
  },
  {
    "is_final": false,
    "id": 119,
    "children": [
      [
        "Factor",
        120
      ]
    ]
  },
  {
    "is_final": false,
    "id": 120,
    "children": [
      [
        "G",
        121
      ]
    ]
  },
  {
    "is_final": true,
    "id": 121,
    "children": []
  },
  {
    "is_final": false,
    "id": 122,
    "children": [
      [
        "Factor-prime",
        123
      ]
    ]
  },
  {
    "is_final": false,
    "id": 123,
    "children": [
      [
        "G",
        124
      ]
    ]
  },
  {
    "is_final": true,
    "id": 124,
    "children": []
  },
  {
    "is_final": false,
    "id": 125,
    "children": [
      [
        "Factor-zegond",
        126
      ]
    ]
  },
  {
    "is_final": false,
    "id": 126,
    "children": [
      [
        "G",
        127
      ]
    ]
  },
  {
    "is_final": true,
    "id": 127,
    "children": []
  },
  {
    "is_final": false,
    "id": 128,
    "children": [
      [
        "*",
        129
      ],
      [
        "epsilon",
        131
      ]
    ]
  },
  {
    "is_final": false,
    "id": 129,
    "children": [
      [
        "Factor",
        130
      ]
    ]
  },
  {
    "is_final": false,
    "id": 130,
    "children": [
      [
        "G",
        131
      ]
    ]
  },
  {
    "is_final": true,
    "id": 131,
    "children": []
  },
  {
    "is_final": false,
    "id": 132,
    "children": [
      [
        "(",
        133
      ],
      [
        "ID",
        136
      ],
      [
        "NUM",
        135
      ]
    ]
  },
  {
    "is_final": false,
    "id": 133,
    "children": [
      [
        "Expression",
        134
      ]
    ]
  },
  {
    "is_final": false,
    "id": 134,
    "children": [
      [
        ")",
        135
      ]
    ]
  },
  {
    "is_final": true,
    "id": 135,
    "children": []
  },
  {
    "is_final": false,
    "id": 136,
    "children": [
      [
        "Var-call-prime",
        135
      ]
    ]
  },
  {
    "is_final": false,
    "id": 137,
    "children": [
      [
        "(",
        138
      ],
      [
        "Var-prime",
        140
      ]
    ]
  },
  {
    "is_final": false,
    "id": 138,
    "children": [
      [
        "Args",
        139
      ]
    ]
  },
  {
    "is_final": false,
    "id": 139,
    "children": [
      [
        ")",
        140
      ]
    ]
  },
  {
    "is_final": true,
    "id": 140,
    "children": []
  },
  {
    "is_final": false,
    "id": 141,
    "children": [
      [
        "[",
        142
      ],
      [
        "epsilon",
        144
      ]
    ]
  },
  {
    "is_final": false,
    "id": 142,
    "children": [
      [
        "Expression",
        143
      ]
    ]
  },
  {
    "is_final": false,
    "id": 143,
    "children": [
      [
        "]",
        144
      ]
    ]
  },
  {
    "is_final": true,
    "id": 144,
    "children": []
  },
  {
    "is_final": false,
    "id": 145,
    "children": [
      [
        "(",
        146
      ],
      [
        "epsilon",
        148
      ]
    ]
  },
  {
    "is_final": false,
    "id": 146,
    "children": [
      [
        "Args",
        147
      ]
    ]
  },
  {
    "is_final": false,
    "id": 147,
    "children": [
      [
        ")",
        148
      ]
    ]
  },
  {
    "is_final": true,
    "id": 148,
    "children": []
  },
  {
    "is_final": false,
    "id": 149,
    "children": [
      [
        "(",
        150
      ],
      [
        "NUM",
        152
      ]
    ]
  },
  {
    "is_final": false,
    "id": 150,
    "children": [
      [
        "Expression",
        151
      ]
    ]
  },
  {
    "is_final": false,
    "id": 151,
    "children": [
      [
        ")",
        152
      ]
    ]
  },
  {
    "is_final": true,
    "id": 152,
    "children": []
  },
  {
    "is_final": false,
    "id": 153,
    "children": [
      [
        "Arg-list",
        154
      ],
      [
        "epsilon",
        154
      ]
    ]
  },
  {
    "is_final": true,
    "id": 154,
    "children": []
  },
  {
    "is_final": false,
    "id": 155,
    "children": [
      [
        "Expression",
        156
      ]
    ]
  },
  {
    "is_final": false,
    "id": 156,
    "children": [
      [
        "Arg-list-prime",
        157
      ]
    ]
  },
  {
    "is_final": true,
    "id": 157,
    "children": []
  },
  {
    "is_final": false,
    "id": 158,
    "children": [
      [
        ",",
        159
      ],
      [
        "epsilon",
        161
      ]
    ]
  },
  {
    "is_final": false,
    "id": 159,
    "children": [
      [
        "Expression",
        160
      ]
    ]
  },
  {
    "is_final": false,
    "id": 160,
    "children": [
      [
        "Arg-list-prime",
        161
      ]
    ]
  },
  {
    "is_final": true,
    "id": 161,
    "children": []
  }
]